<?xml version="1.0" standalone="yes"?>
<DocumentElement>
  <AuthorRoyalties>
    <au_id>172-32-1176</au_id>
    <royalty>0.03</royalty>
  </AuthorRoyalties>
  <AuthorRoyalties>
    <au_id>213-46-8915</au_id>
    <royalty>0.04</royalty>
  </AuthorRoyalties>
  <AuthorRoyalties>
    <au_id>238-95-7766</au_id>
    <royalty>0.05</royalty>
  </AuthorRoyalties>
  <AuthorRoyalties>
    <au_id>267-41-2394</au_id>
    <royalty>0.06</royalty>
  </AuthorRoyalties>
  <AuthorRoyalties>
    <au_id>274-80-9391</au_id>
    <royalty>0.07</royalty>
  </AuthorRoyalties>
  <AuthorRoyalties>
    <au_id>341-22-1782</au_id>
    <royalty>0.08</royalty>
  </AuthorRoyalties>
  <AuthorRoyalties>
    <au_id>409-56-7008</au_id>
    <royalty>0.09</royalty>
  </AuthorRoyalties>
  <AuthorRoyalties>
    <au_id>427-17-2319</au_id>
    <royalty>0.10</royalty>
  </AuthorRoyalties>
  <AuthorRoyalties>
    <au_id>472-27-2349</au_id>
    <royalty>0.01</royalty>
  </AuthorRoyalties>
  <AuthorRoyalties>
    <au_id>486-29-1786</au_id>
    <royalty>0.02</royalty>
  </AuthorRoyalties>
  <AuthorRoyalties>
    <au_id>527-72-3246</au_id>
    <royalty>0.03</royalty>
  </AuthorRoyalties>
  <AuthorRoyalties>
    <au_id>648-92-1872</au_id>
    <royalty>0.04</royalty>
  </AuthorRoyalties>
  <AuthorRoyalties>
    <au_id>672-71-3249</au_id>
    <royalty>0.05</royalty>
  </AuthorRoyalties>
  <AuthorRoyalties>
    <au_id>712-45-1867</au_id>
    <royalty>0.06</royalty>
  </AuthorRoyalties>
  <AuthorRoyalties>
    <au_id>722-51-5454</au_id>
    <royalty>0.07</royalty>
  </AuthorRoyalties>
  <AuthorRoyalties>
    <au_id>724-08-9931</au_id>
    <royalty>0.08</royalty>
  </AuthorRoyalties>
  <AuthorRoyalties>
    <au_id>724-80-9391</au_id>
    <royalty>0.09</royalty>
  </AuthorRoyalties>
  <AuthorRoyalties>
    <au_id>756-30-7391</au_id>
    <royalty>0.10</royalty>
  </AuthorRoyalties>
  <AuthorRoyalties>
    <au_id>807-91-6654</au_id>
    <royalty>0.01</royalty>
  </AuthorRoyalties>
  <AuthorRoyalties>
    <au_id>846-92-7186</au_id>
    <royalty>0.02</royalty>
  </AuthorRoyalties>
  <AuthorRoyalties>
    <au_id>893-72-1158</au_id>
    <royalty>0.03</royalty>
  </AuthorRoyalties>
  <AuthorRoyalties>
    <au_id>899-46-2035</au_id>
    <royalty>0.04</royalty>
  </AuthorRoyalties>
  <AuthorRoyalties>
    <au_id>998-72-3567</au_id>
    <royalty>0.05</royalty>
  </AuthorRoyalties>
</DocumentElement>